{
    "GLUTEBRIDGE": {
        "SVM": {
            "accuracy": 0.7110067257392976,
            "f1_score": 0.7533522691954496,
            "precision": 0.8979136051156806,
            "recall": 0.7110067257392976
        },
        "Random Forest": {
            "accuracy": 0.8461620582897406,
            "f1_score": 0.8650562038544731,
            "precision": 0.9250238419982015,
            "recall": 0.8461620582897406
        },
        "k-NN": {
            "accuracy": 0.7149567631045158,
            "f1_score": 0.7567355825297188,
            "precision": 0.9033392983795016,
            "recall": 0.7149567631045158
        },
        "Naive Bayes": {
            "accuracy": 0.49290060851926976,
            "f1_score": 0.566055462993601,
            "precision": 0.7351427126220554,
            "recall": 0.49290060851926976
        }
    },
    "PLANKHOLD": {
        "SVM": {
            "accuracy": 0.9963565703181929,
            "f1_score": 0.9963608448245581,
            "precision": 0.9963939899999643,
            "recall": 0.9963565703181929
        },
        "Random Forest": {
            "accuracy": 0.9747388875394705,
            "f1_score": 0.9749267471611275,
            "precision": 0.9764343736291091,
            "recall": 0.9747388875394705
        },
        "k-NN": {
            "accuracy": 0.8656788923973767,
            "f1_score": 0.8687091936380665,
            "precision": 0.9028465543960009,
            "recall": 0.8656788923973767
        },
        "Naive Bayes": {
            "accuracy": 0.4243381102744717,
            "f1_score": 0.3703500397068766,
            "precision": 0.5974256133291542,
            "recall": 0.4243381102744717
        }
    },
    "SIDEPLANKRIGHT": {
        "SVM": {
            "accuracy": 0.8884072751997281,
            "f1_score": 0.8965971299889273,
            "precision": 0.9288604081822673,
            "recall": 0.8884072751997281
        },
        "Random Forest": {
            "accuracy": 0.8704742478327384,
            "f1_score": 0.8808681113043506,
            "precision": 0.9219736598606294,
            "recall": 0.8704742478327384
        },
        "k-NN": {
            "accuracy": 0.8957164711881693,
            "f1_score": 0.903044997495224,
            "precision": 0.9319030916214601,
            "recall": 0.8957164711881693
        },
        "Naive Bayes": {
            "accuracy": 0.6198368179500255,
            "f1_score": 0.6587071104831996,
            "precision": 0.7636741864608415,
            "recall": 0.6198368179500255
        }
    },
    "WALLSIT": {
        "SVM": {
            "accuracy": 0.9822279459111397,
            "f1_score": 0.982298280977537,
            "precision": 0.9830125087595923,
            "recall": 0.9822279459111397
        },
        "Random Forest": {
            "accuracy": 1.0,
            "f1_score": 1.0,
            "precision": 1.0,
            "recall": 1.0
        },
        "k-NN": {
            "accuracy": 0.9993560849967804,
            "f1_score": 0.9993561855652181,
            "precision": 0.9993571606984228,
            "recall": 0.9993560849967804
        },
        "Naive Bayes": {
            "accuracy": 0.9276239536381198,
            "f1_score": 0.928417626136193,
            "precision": 0.9368950484327141,
            "recall": 0.9276239536381198
        }
    }
}